addr1qy5v4xxj3gx5jsk4ddu2q0r5a9quyaz4r3f70ygd0qf2sxppu2wsv5fphp7svh7g80dnuv3rs3yawuxdn33epny2egmsu582y5, 2
addr1q8rz5u4e927cf5h7xtymk0h7yehh3vuftgq7gmklzhj2l9fgkf7zswewalygt0e3e7y27umd535h3cgsnf55h0f7d54szwa5ju, 2
addr1qxmepnuhv7dewpqtzsdfg9mapvrx9u7uelkszp53eyukuqqtdapyz4ecgyfwpjq6dzw67x0ewngpurefxnj8huys0njqejdjf6, 2
addr1qy4z0ql25wfuwtpfrlfh9z6cxs6fexpdy50gp9yt4vqtvttzjytm0ce0e9rmgf4z9xsqwg4dvtm7u6udrdqku73evuwqeypacn, 6
addr1q807u3ed7hfezh354cutaqsx90vcrkmqtwz52qd08x00jepzqk7fcyyu8eazr7hp8fjagsh4hfaczfy027sujkqhc3dq0sfmxt, 6
addr1q80vwrh7s75ac43fzdtzvtu850mpvh9224usjjf5e6y0edj4e5tmz8p85vv7ytvalhp8ast85zfq0g0vvjt7nnxnrdkqrg3jdn, 6
addr1q9f82ztzs5lxpeke04a645q6lz3z7fn0sk66avm9zz4k0xkd0dqfmcwf4fx7hgu3yzxlv8mu5q856a5qjc64kz24g7aqz6ddds, 6
addr1qyprrewh0ftdh4yysw56ey5j5t3fnw6paadk27n8pas5vkqmf04kjxnfcgchy447zymznmj768a0e9xny4uxhx0vpuzq0lvkmc, 6
addr1qxddp9e2dcs43p9tqctzfjhdg459jnkpsqjxlx02lka79vn2zyyrmkyqwzncpw7qg5vw4c6kqzlpzs00pxex5rhu6lhspkfq60, 6
addr1q9xcng787gz95u2ekfjzegrz3rxkfcx7f8u53neqg5095ptqsmtn8aude33nr5hxhygejrpx7xlh53clsd48qp3zh6ssp0xd70, 14
addr1q95y98zwxsk23wuh32vcmn5l7325nd2jftmv6ltr4r9h7lg3u842mvd8ckprcrfafvk6jjfr26l67t2zrarsfwh8tarsekmj4k, 14
addr1qxsr5xgyvywkm9cmddd8w63vqs7z6uct89g5kgk3xpxrvz804nhaeneja2th0zg3x7ffyq3kvz38yxddvgmhdj76gg7sv2f339, 14
addr1qxdq8trxnp0u46rkmgga0jm2xjtxpuvwdgwa5yte64nwj2a0xaya220s06pw6vd7tdrueddle6f403365k5e5un9nt3qjdp0kv, 14
addr1qxlyd90w7j2g85qjdxkmcdsjwhm2ps23qrl0c3y68tgtsnz7uvyls9qhm3cuwx8ss7xqc9kk5nd57faucqdvcqlh2q6svtfe5m, 14
addr1q88wvy34nnjlf9sju4d9fak8kt9t6r8fx7x6h925vcgduzqdqmyyy4w3eacg723d5h0dqx2emawfchdf8nsdsvncel4ss9j62y, 14
